residue,amino_acid,ss
1,M,C
2,T,H
3,A,H
4,I,H
5,I,H
6,K,H
7,E,H
8,I,H
9,V,H
10,S,H
11,R,T
12,N,T
13,K,B
14,R,P
15,R,P
16,Y,B
17,Q,C
18,E,C
19,D,T
20,G,T
21,F,C
22,D,C
23,L,B
24,D,S
25,L,E
26,T,E
27,Y,E
28,I,E
29,Y,E
30,P,T
31,N,T
32,I,E
33,I,E
34,A,E
35,M,E
36,G,C
37,F,C
38,P,E
39,A,E
40,E,C
41,R,G
42,L,G
43,E,G
44,G,G
45,V,G
46,Y,T
47,R,S
48,N,E
49,N,E
50,I,H
51,D,H
52,D,H
53,V,H
54,V,H
55,R,H
56,F,H
57,L,H
58,D,H
59,S,H
60,K,H
61,H,H
62,K,T
63,N,T
64,H,T
65,Y,E
66,K,E
67,I,E
68,Y,E
69,N,E
70,L,E
71,C,E
72,A,S
73,E,S
74,R,C
75,H,C
76,Y,C
77,D,C
78,T,G
79,A,G
80,K,G
81,F,G
82,N,T
83,C,T
84,R,C
85,V,E
86,A,E
87,Q,E
88,Y,E
89,P,E
90,F,E
91,E,C
92,D,T
93,H,T
94,N,S
95,P,P
96,P,P
97,Q,P
98,L,H
99,E,H
100,L,H
101,I,H
102,K,H
103,P,H
104,F,H
105,C,H
106,E,H
107,D,H
108,L,H
109,D,H
110,Q,H
111,W,H
112,L,H
113,S,H
114,E,S
115,D,C
116,D,T
117,N,T
118,H,C
119,V,E
120,A,E
121,A,E
122,I,E
123,H,E
124,C,C
125,K,S
126,A,S
127,G,S
128,K,S
129,G,H
130,R,H
131,T,H
132,G,H
133,V,H
134,M,H
135,I,H
136,C,H
137,A,H
138,Y,H
139,L,H
140,L,H
141,H,H
142,R,T
143,G,T
144,K,S
145,F,C
146,L,S
147,K,S
148,A,H
149,Q,H
150,E,H
151,A,H
152,L,H
153,D,H
154,F,H
155,Y,H
156,G,H
157,E,H
158,V,H
159,R,H
160,T,B
161,R,S
162,D,S
163,K,S
164,K,C
165,G,S
166,V,S
167,T,C
168,I,C
169,P,H
170,S,H
171,Q,H
172,R,H
173,R,H
174,Y,H
175,V,H
176,Y,H
177,Y,H
178,Y,H
179,S,H
180,Y,H
181,L,H
182,L,H
183,K,H
184,N,T
185,H,T
186,L,P
187,D,P
188,Y,P
189,R,C
190,P,C
191,V,C
192,A,E
193,L,E
194,L,E
195,F,E
196,H,E
197,K,E
198,M,E
199,M,E
200,F,E
201,E,S
202,T,S
203,I,C
204,P,C
205,M,C
206,F,S
207,S,B
208,G,T
209,G,T
210,T,B
211,C,C
212,N,C
213,P,E
214,Q,E
215,F,E
216,V,E
217,V,E
218,C,E
219,Q,E
220,L,T
221,K,T
222,V,E
223,K,E
224,I,E
225,Y,E
226,S,E
227,S,P
228,N,P
229,S,S
230,G,S
231,P,C
232,T,S
233,R,E
234,R,E
235,E,E
236,D,T
237,K,T
238,F,E
239,M,E
240,Y,E
241,F,E
242,E,E
243,F,E
244,P,E
245,Q,E
246,P,E
247,L,E
248,P,E
249,V,E
250,C,E
251,G,S
252,D,E
253,I,E
254,K,E
255,V,E
256,E,E
257,F,E
258,F,E
259,H,E
260,K,E
261,Q,C
262,N,T
263,K,T
264,M,C
265,L,S
266,K,P
267,K,E
268,D,E
269,K,E
270,M,E
271,F,E
272,H,E
273,F,E
274,W,E
275,V,E
276,N,E
277,T,G
278,F,G
279,F,G
280,I,S
281,P,S
282,G,C
283,P,G
284,E,G
285,E,G
286,T,T
287,S,C
288,E,C
289,K,C
290,V,C
291,E,C
292,N,S
293,G,C
294,S,C
295,L,C
296,C,C
297,D,C
298,Q,H
299,E,H
300,I,H
301,D,H
302,S,T
303,I,T
304,C,E
305,S,E
306,I,E
307,E,E
308,R,E
309,A,C
310,D,T
311,N,T
312,D,S
313,K,C
314,E,E
315,Y,E
316,L,E
317,V,E
318,L,E
319,T,E
320,L,E
321,T,E
322,K,G
323,N,G
324,D,G
325,L,S
326,D,B
327,K,T
328,A,G
329,N,G
330,K,G
331,D,C
332,K,T
333,A,T
334,N,C
335,R,S
336,Y,S
337,F,S
338,S,C
339,P,T
340,N,T
341,F,C
342,K,E
343,V,E
344,K,E
345,L,E
346,Y,E
347,F,E
348,T,E
349,K,E
350,T,S
351,V,S
352,E,C
353,E,C
354,P,C
355,S,S
356,N,C
357,P,C
358,E,C
359,A,C
360,S,C
361,S,C
362,S,C
363,T,C
364,S,C
365,V,C
366,T,P
367,P,P
368,D,P
369,V,C
370,S,C
371,D,C
372,N,C
373,E,C
374,P,C
375,D,C
376,H,C
377,Y,C
378,R,C
379,Y,C
380,S,C
381,D,C
382,T,C
383,T,C
384,D,C
385,S,C
386,D,C
387,P,S
388,E,T
389,N,T
390,E,C
391,P,C
392,F,C
393,D,C
394,E,C
395,D,C
396,Q,C
397,H,C
398,T,C
399,Q,C
400,I,C
401,T,C
402,K,C
403,V,C
